{"cameraMode":{"drawMode":0,"name":"Shaded","section":"Shading Mode"},"sceneLighting":true,"audioPlay":false,"sceneViewState":{"m_AlwaysRefresh":false,"showFog":true,"showSkybox":true,"showFlares":true,"showImageEffects":true,"showParticleSystems":true,"showVisualEffectGraphs":true,"m_FxEnabled":true},"in2DMode":false,"pivot":{"x":9.399059295654297,"y":15.826521873474121,"z":27.294527053833009},"rotation":{"x":0.06777132302522659,"y":-0.4334678649902344,"z":0.03268264979124069,"w":0.8980438113212586},"size":19.457534790039064,"orthographic":false}